{"schemaVersion":"1.0","appDefinitionTemplate":{"id":"/providers/Microsoft.PowerApps/apps/","type":"Microsoft.PowerApps/apps","tags":{"primaryDeviceWidth":"640","primaryDeviceHeight":"1136","sienaVersion":"be34e9d5-7a50-4383-a7d0-47f3b450bc11","deviceCapabilities":"","supportsPortrait":"true","supportsLandscape":"false","primaryFormFactor":"Phone","publisherVersion":"3.20111.52","minimumRequiredApiVersion":"2.2.0","hasComponent":"false","hasUnlockedComponent":"false","isUnifiedRootApp":"false"},"properties":{"appVersion":"2020-11-29T22:21:25Z","lifeCycleId":"Published","createdByClientVersion":{"major":3,"minor":20111,"build":52,"revision":0,"majorRevision":0,"minorRevision":0},"minClientVersion":{"major":3,"minor":20111,"build":52,"revision":0,"majorRevision":0,"minorRevision":0},"backgroundColor":"rgba(0, 176, 240, 1)","backgroundImageUri":"/5262752992232436479/N99c5f5dd-cc56-4bc3-b621-97ff333d17c9-logoSmallFile","displayName":"COVID Data Collection App","description":"","commitMessage":"","appUris":{"documentUri":{"value":"/5262752992232436479/N1ebfc411-a453-455e-a9f8-c3fa51ee31af-document.msapp"},"imageUris":[]},"createdTime":"0001-01-01T00:00:00Z","lastModifiedTime":"0001-01-01T00:00:00Z","sharedGroupsCount":0,"sharedUsersCount":0,"icons":{"smallIconUri":"/5262752992232436479/N8f262741-d45f-41ed-a659-3046160767b6-small.png","mediumIconUri":"/5262752992232436479/N51144ab7-e723-499d-a213-7b6083675359-medium.png","largeIconUri":"/5262752992232436479/N68060945-d063-4a5a-b9ab-c910d9d16866-large.png","wideIconUri":"/5262752992232436479/Ndf0caf54-a6d9-4397-a8c8-b643f37f960f-wide.png"},"connectionReferences":{"2f862ee1-2dbb-45c2-8b2f-618ceb48cf5d":{"id":"edc8055e-f125-4349-a588-aaa1dcb41e89","displayName":"Excel","iconUri":"https://connectoricons-prod.azureedge.net/releases/v1.0.1411/1.0.1411.2207/excel/icon.png","dataSources":["FacilityList","Table1"],"dependencies":["d35836a0-b89c-4dc7-89fe-ad12d7603ab0"],"dependents":[],"parameterHints":{"d35836a0-b89c-4dc7-89fe-ad12d7603ab0":{"value":"fileSource"}},"isOnPremiseConnection":false,"bypassConsent":false,"dataSets":{"1__LWpmCdkD_v-m_dqmEix_O1gAM5pVGe":{"dataSources":{"FacilityList":{"tableName":"FacilityList"}}},"1UHTaGjCoj8In9riJTxEBKnulTg466l0r":{"dataSources":{"Table1":{"tableName":"Table1"}}}},"apiTier":"Standard","isCustomApiConnection":false},"d35836a0-b89c-4dc7-89fe-ad12d7603ab0":{"id":"388068c2-a646-475d-bbed-18f3dd06bc39","displayName":"Google Drive","iconUri":"https://connectoricons-prod.azureedge.net/releases/v1.0.1417/1.0.1417.2237/googledrive/icon.png","dataSources":[],"dependencies":[],"dependents":["2f862ee1-2dbb-45c2-8b2f-618ceb48cf5d"],"parameterHints":{},"isOnPremiseConnection":false,"bypassConsent":false,"dataSets":{},"apiTier":"Standard","isCustomApiConnection":false}},"databaseReferences":{},"almMode":"Environment","performanceOptimizationEnabled":true,"canConsumeAppPass":true,"executionRestrictions":{"isTeamsOnly":false,"dataLossPreventionEvaluationResult":{"status":"Compliant","lastEvaluationDate":"2020-11-21T22:25:12.5320728Z","violationDetails":[]}}},"isAppComponentLibrary":false,"appType":"ClassicCanvasApp","appComponents":[]}}