{"schemaVersion":"1.0","appDefinitionTemplate":{"id":"/providers/Microsoft.PowerApps/apps/","type":"Microsoft.PowerApps/apps","tags":{"primaryDeviceWidth":"640","primaryDeviceHeight":"1136","sienaVersion":"20201203T144056Z-3.20111.52.0","deviceCapabilities":"","supportsPortrait":"true","supportsLandscape":"false","primaryFormFactor":"Phone","publisherVersion":"3.20111.52","minimumRequiredApiVersion":"2.2.0","hasComponent":"false","hasUnlockedComponent":"false","isUnifiedRootApp":"false"},"properties":{"appVersion":"2020-12-03T14:40:56Z","lifeCycleId":"Published","createdByClientVersion":{"major":3,"minor":20111,"build":52,"revision":0,"majorRevision":0,"minorRevision":0},"minClientVersion":{"major":3,"minor":20111,"build":52,"revision":0,"majorRevision":0,"minorRevision":0},"backgroundColor":"rgba(0, 176, 240, 1)","backgroundImageUri":"/828023356881504696/N8c7856e8-cdde-4700-8e22-eaadc48851f8-logoSmallFile","displayName":"EGPAF_Survey_Vivian_V2_Delegate","description":"","commitMessage":"","appUris":{"documentUri":{"value":"/828023356881504696/N0febf9f4-8a06-4c68-8558-93dfbfea57bd-document.msapp"},"imageUris":[]},"createdTime":"0001-01-01T00:00:00Z","lastModifiedTime":"0001-01-01T00:00:00Z","sharedGroupsCount":0,"sharedUsersCount":0,"icons":{"smallIconUri":"/828023356881504696/N10e8d42f-dcd2-4043-8886-d4d80ce4951d-small.png","mediumIconUri":"/828023356881504696/N8e90a31d-952d-47ce-87e9-9e4c4fac7c7f-medium.png","largeIconUri":"/828023356881504696/Nfd359515-f76d-4a52-bacb-cdebb0861379-large.png","wideIconUri":"/828023356881504696/N86bfd742-500d-4907-9301-7fba00d40360-wide.png"},"connectionReferences":{"4d7ff157-4fac-4c75-a6bc-f29e93381bea":{"id":"edc8055e-f125-4349-a588-aaa1dcb41e89","displayName":"Excel","iconUri":"https://connectoricons-prod.azureedge.net/releases/v1.0.1411/1.0.1411.2207/excel/icon.png","dataSources":["Covid_Data"],"dependencies":["295b728a-dba6-417d-b77c-15a9e3e59ff5"],"dependents":[],"parameterHints":{"295b728a-dba6-417d-b77c-15a9e3e59ff5":{"value":"fileSource"}},"isOnPremiseConnection":false,"dataSets":{"1cyqo0H1yGcLhBgyDpBPTBx2XI6Iv9_Pt":{"dataSources":{"Covid_Data":{"tableName":"Covid_Data"}}}},"apiTier":"Standard","isCustomApiConnection":false},"295b728a-dba6-417d-b77c-15a9e3e59ff5":{"id":"388068c2-a646-475d-bbed-18f3dd06bc39","displayName":"Google Drive","iconUri":"https://connectoricons-prod.azureedge.net/releases/v1.0.1417/1.0.1417.2237/googledrive/icon.png","dataSources":[],"dependencies":[],"dependents":["4d7ff157-4fac-4c75-a6bc-f29e93381bea"],"parameterHints":{},"isOnPremiseConnection":false,"dataSets":{},"apiTier":"Standard","isCustomApiConnection":false}},"databaseReferences":{},"almMode":"Environment","performanceOptimizationEnabled":true,"canConsumeAppPass":true,"executionRestrictions":{"isTeamsOnly":false,"dataLossPreventionEvaluationResult":{"status":"Compliant","lastEvaluationDate":"2020-12-03T14:41:06.9166766Z","violationDetails":[]}}},"isAppComponentLibrary":false,"appType":"ClassicCanvasApp","appComponents":[]}}